Time,Driver,DriverNumber,LapNumber,Stint,PitOutTime,PitInTime,Sector1Time,Sector2Time,Sector3Time,Sector1SessionTime,Sector2SessionTime,Sector3SessionTime,SpeedI1,SpeedI2,SpeedFL,SpeedST,IsPersonalBest,Compound,TyreLife,FreshTyre,Team,LapStartTime,LapStartDate,TrackStatus,Position,Deleted,DeletedReason,FastF1Generated,IsAccurate,LapTimeSeconds
0 days 01:04:48.012000,VER,1,1.0,1.0,,,,0 days 00:00:55.474000,0 days 00:00:31.348000,,0 days 01:04:16.765000,0 days 01:04:48.065000,339.0,173.0,209.0,293.0,False,SOFT,1.0,True,Red Bull Racing,0 days 01:02:44.500000,2022-08-28 13:03:44.580,12,8.0,False,,False,False,123.282
0 days 01:07:07.529000,VER,1,2.0,1.0,,,0 days 00:00:32.009000,0 days 00:01:04.504000,0 days 00:00:43.004000,0 days 01:05:20.074000,0 days 01:06:24.578000,0 days 01:07:07.582000,321.0,143.0,163.0,313.0,True,SOFT,2.0,True,Red Bull Racing,0 days 01:04:48.012000,2022-08-28 13:05:48.092,124,8.0,False,,False,False,139.517
0 days 01:10:11.554000,VER,1,3.0,1.0,,,0 days 00:00:47.227000,0 days 00:01:23.243000,0 days 00:00:53.575000,0 days 01:07:54.789000,0 days 01:09:18.074000,0 days 01:10:11.678000,213.0,109.0,132.0,287.0,False,SOFT,3.0,True,Red Bull Racing,0 days 01:07:07.529000,2022-08-28 13:08:07.609,4,8.0,False,,False,False,
0 days 01:13:08.004000,VER,1,4.0,1.0,,,0 days 00:00:48.681000,0 days 00:01:18.407000,0 days 00:00:49.372000,0 days 01:11:00.371000,0 days 01:12:18.781000,0 days 01:13:08.213000,149.0,85.0,214.0,278.0,False,SOFT,4.0,True,Red Bull Racing,0 days 01:10:11.554000,2022-08-28 13:11:11.634,41,8.0,False,,False,False,
0 days 01:15:01.955000,VER,1,5.0,1.0,,,0 days 00:00:32.124000,0 days 00:00:51.490000,0 days 00:00:30.337000,0 days 01:13:40.181000,0 days 01:14:31.671000,0 days 01:15:02.008000,321.0,187.0,209.0,313.0,True,SOFT,5.0,True,Red Bull Racing,0 days 01:13:08.004000,2022-08-28 13:14:08.084,1,6.0,False,,False,True,113.951
0 days 01:16:55.703000,VER,1,6.0,1.0,,,0 days 00:00:32.150000,0 days 00:00:51.344000,0 days 00:00:30.254000,0 days 01:15:34.158000,0 days 01:16:25.502000,0 days 01:16:55.756000,323.0,183.0,211.0,311.0,True,SOFT,6.0,True,Red Bull Racing,0 days 01:15:01.955000,2022-08-28 13:16:02.035,1,5.0,False,,False,True,113.748
0 days 01:18:47.657000,VER,1,7.0,1.0,,,0 days 00:00:31.671000,0 days 00:00:49.935000,0 days 00:00:30.348000,0 days 01:17:27.427000,0 days 01:18:17.362000,0 days 01:18:47.710000,339.0,188.0,211.0,312.0,True,SOFT,7.0,True,Red Bull Racing,0 days 01:16:55.703000,2022-08-28 13:17:55.783,1,4.0,False,,False,True,111.954
0 days 01:20:40.298000,VER,1,8.0,1.0,,,0 days 00:00:31.665000,0 days 00:00:50.392000,0 days 00:00:30.584000,0 days 01:19:19.375000,0 days 01:20:09.767000,0 days 01:20:40.351000,342.0,187.0,208.0,310.0,False,SOFT,8.0,True,Red Bull Racing,0 days 01:18:47.657000,2022-08-28 13:19:47.737,1,3.0,False,,False,True,112.641
0 days 01:22:33.830000,VER,1,9.0,1.0,,,0 days 00:00:32.256000,0 days 00:00:50.630000,0 days 00:00:30.646000,0 days 01:21:12.607000,0 days 01:22:03.237000,0 days 01:22:33.883000,320.0,186.0,209.0,308.0,False,SOFT,9.0,True,Red Bull Racing,0 days 01:20:40.298000,2022-08-28 13:21:40.378,1,3.0,False,,False,True,113.532
0 days 01:24:27.799000,VER,1,10.0,1.0,,,0 days 00:00:32.284000,0 days 00:00:50.975000,0 days 00:00:30.710000,0 days 01:23:06.167000,0 days 01:23:57.142000,0 days 01:24:27.852000,320.0,179.0,209.0,311.0,False,SOFT,10.0,True,Red Bull Racing,0 days 01:22:33.830000,2022-08-28 13:23:33.910,1,3.0,False,,False,True,113.969
0 days 01:26:22.433000,VER,1,11.0,1.0,,,0 days 00:00:31.967000,0 days 00:00:51.966000,0 days 00:00:30.701000,0 days 01:24:59.819000,0 days 01:25:51.785000,0 days 01:26:22.486000,339.0,181.0,211.0,313.0,False,SOFT,11.0,True,Red Bull Racing,0 days 01:24:27.799000,2022-08-28 13:25:27.879,1,2.0,False,,False,True,114.634
0 days 01:28:15.591000,VER,1,12.0,1.0,,,0 days 00:00:32.002000,0 days 00:00:50.429000,0 days 00:00:30.727000,0 days 01:26:54.488000,0 days 01:27:44.917000,0 days 01:28:15.644000,338.0,185.0,208.0,313.0,False,SOFT,12.0,True,Red Bull Racing,0 days 01:26:22.433000,2022-08-28 13:27:22.513,1,1.0,False,,False,True,113.158
0 days 01:30:09.319000,VER,1,13.0,1.0,,,0 days 00:00:32.375000,0 days 00:00:50.545000,0 days 00:00:30.808000,0 days 01:28:48.019000,0 days 01:29:38.564000,0 days 01:30:09.372000,316.0,184.0,208.0,309.0,False,SOFT,13.0,True,Red Bull Racing,0 days 01:28:15.591000,2022-08-28 13:29:15.671,1,1.0,False,,False,True,113.728
0 days 01:32:03.217000,VER,1,14.0,1.0,,,0 days 00:00:32.403000,0 days 00:00:50.608000,0 days 00:00:30.887000,0 days 01:30:41.775000,0 days 01:31:32.383000,0 days 01:32:03.270000,314.0,181.0,208.0,309.0,False,SOFT,14.0,True,Red Bull Racing,0 days 01:30:09.319000,2022-08-28 13:31:09.399,1,1.0,False,,False,True,113.898
0 days 01:34:01.037000,VER,1,15.0,1.0,,0 days 01:33:57.329000,0 days 00:00:32.398000,0 days 00:00:50.474000,0 days 00:00:34.948000,0 days 01:32:35.668000,0 days 01:33:26.142000,0 days 01:34:01.090000,314.0,182.0,,309.0,False,SOFT,15.0,True,Red Bull Racing,0 days 01:32:03.217000,2022-08-28 13:33:03.297,1,1.0,False,,False,False,117.82
0 days 01:36:06.161000,VER,1,16.0,2.0,0 days 01:34:20.284000,,0 days 00:00:46.178000,0 days 00:00:48.816000,0 days 00:00:30.130000,0 days 01:34:47.268000,0 days 01:35:36.084000,0 days 01:36:06.214000,313.0,196.0,214.0,308.0,False,MEDIUM,1.0,True,Red Bull Racing,0 days 01:34:01.037000,2022-08-28 13:35:01.117,1,2.0,False,,False,False,125.124
0 days 01:37:56.908000,VER,1,17.0,2.0,,,0 days 00:00:31.876000,0 days 00:00:48.828000,0 days 00:00:30.043000,0 days 01:36:38.090000,0 days 01:37:26.918000,0 days 01:37:56.961000,320.0,188.0,214.0,311.0,True,MEDIUM,2.0,True,Red Bull Racing,0 days 01:36:06.161000,2022-08-28 13:37:06.241,1,2.0,False,,False,True,110.747
0 days 01:39:47.956000,VER,1,18.0,2.0,,,0 days 00:00:31.597000,0 days 00:00:49.219000,0 days 00:00:30.232000,0 days 01:38:28.558000,0 days 01:39:17.777000,0 days 01:39:48.009000,340.0,191.0,211.0,313.0,False,MEDIUM,3.0,True,Red Bull Racing,0 days 01:37:56.908000,2022-08-28 13:38:56.988,1,1.0,False,,False,True,111.048
0 days 01:41:39.869000,VER,1,19.0,2.0,,,0 days 00:00:32.163000,0 days 00:00:49.387000,0 days 00:00:30.363000,0 days 01:40:20.172000,0 days 01:41:09.559000,0 days 01:41:39.922000,314.0,191.0,211.0,307.0,False,MEDIUM,4.0,True,Red Bull Racing,0 days 01:39:47.956000,2022-08-28 13:40:48.036,1,1.0,False,,False,True,111.913
0 days 01:43:32.077000,VER,1,20.0,2.0,,,0 days 00:00:32.156000,0 days 00:00:49.617000,0 days 00:00:30.435000,0 days 01:42:12.078000,0 days 01:43:01.695000,0 days 01:43:32.130000,316.0,186.0,210.0,308.0,False,MEDIUM,5.0,True,Red Bull Racing,0 days 01:41:39.869000,2022-08-28 13:42:39.949,1,1.0,False,,False,True,112.208
0 days 01:45:24.252000,VER,1,21.0,2.0,,,0 days 00:00:32.197000,0 days 00:00:49.551000,0 days 00:00:30.427000,0 days 01:44:04.327000,0 days 01:44:53.878000,0 days 01:45:24.305000,314.0,189.0,211.0,308.0,False,MEDIUM,6.0,True,Red Bull Racing,0 days 01:43:32.077000,2022-08-28 13:44:32.157,1,1.0,False,,False,True,112.175
0 days 01:47:16.634000,VER,1,22.0,2.0,,,0 days 00:00:32.258000,0 days 00:00:49.647000,0 days 00:00:30.477000,0 days 01:45:56.563000,0 days 01:46:46.210000,0 days 01:47:16.687000,316.0,189.0,211.0,307.0,False,MEDIUM,7.0,True,Red Bull Racing,0 days 01:45:24.252000,2022-08-28 13:46:24.332,1,1.0,False,,False,True,112.382
0 days 01:49:08.907000,VER,1,23.0,2.0,,,0 days 00:00:32.250000,0 days 00:00:49.641000,0 days 00:00:30.382000,0 days 01:47:48.937000,0 days 01:48:38.578000,0 days 01:49:08.960000,314.0,187.0,211.0,309.0,False,MEDIUM,8.0,True,Red Bull Racing,0 days 01:47:16.634000,2022-08-28 13:48:16.714,1,1.0,False,,False,True,112.273
0 days 01:51:01.374000,VER,1,24.0,2.0,,,0 days 00:00:32.197000,0 days 00:00:49.849000,0 days 00:00:30.421000,0 days 01:49:41.157000,0 days 01:50:31.006000,0 days 01:51:01.427000,317.0,184.0,210.0,310.0,False,MEDIUM,9.0,True,Red Bull Racing,0 days 01:49:08.907000,2022-08-28 13:50:08.987,1,1.0,False,,False,True,112.467
0 days 01:52:53.929000,VER,1,25.0,2.0,,,0 days 00:00:32.154000,0 days 00:00:49.856000,0 days 00:00:30.545000,0 days 01:51:33.581000,0 days 01:52:23.437000,0 days 01:52:53.982000,319.0,188.0,211.0,312.0,False,MEDIUM,10.0,True,Red Bull Racing,0 days 01:51:01.374000,2022-08-28 13:52:01.454,1,1.0,False,,False,True,112.555
0 days 01:54:46.455000,VER,1,26.0,2.0,,,0 days 00:00:32.130000,0 days 00:00:49.803000,0 days 00:00:30.593000,0 days 01:53:26.112000,0 days 01:54:15.915000,0 days 01:54:46.508000,319.0,187.0,211.0,310.0,False,MEDIUM,11.0,True,Red Bull Racing,0 days 01:52:53.929000,2022-08-28 13:53:54.009,1,1.0,False,,False,True,112.526
0 days 01:56:39.324000,VER,1,27.0,2.0,,,0 days 00:00:32.261000,0 days 00:00:50.079000,0 days 00:00:30.529000,0 days 01:55:18.769000,0 days 01:56:08.848000,0 days 01:56:39.377000,318.0,189.0,211.0,309.0,False,MEDIUM,12.0,True,Red Bull Racing,0 days 01:54:46.455000,2022-08-28 13:55:46.535,1,1.0,False,,False,True,112.869
0 days 01:58:32.034000,VER,1,28.0,2.0,,,0 days 00:00:32.101000,0 days 00:00:50.024000,0 days 00:00:30.585000,0 days 01:57:11.478000,0 days 01:58:01.502000,0 days 01:58:32.087000,320.0,187.0,210.0,310.0,False,MEDIUM,13.0,True,Red Bull Racing,0 days 01:56:39.324000,2022-08-28 13:57:39.404,1,1.0,False,,False,True,112.71
0 days 02:00:24.796000,VER,1,29.0,2.0,,,0 days 00:00:32.189000,0 days 00:00:49.960000,0 days 00:00:30.613000,0 days 01:59:04.276000,0 days 01:59:54.236000,0 days 02:00:24.849000,321.0,183.0,212.0,311.0,False,MEDIUM,14.0,True,Red Bull Racing,0 days 01:58:32.034000,2022-08-28 13:59:32.114,1,1.0,False,,False,True,112.762
0 days 02:02:21.927000,VER,1,30.0,2.0,,0 days 02:02:18.225000,0 days 00:00:32.104000,0 days 00:00:50.167000,0 days 00:00:34.860000,0 days 02:00:56.953000,0 days 02:01:47.120000,0 days 02:02:21.980000,321.0,180.0,,313.0,False,MEDIUM,15.0,True,Red Bull Racing,0 days 02:00:24.796000,2022-08-28 14:01:24.876,1,1.0,False,,False,False,117.131
0 days 02:04:25.591000,VER,1,31.0,3.0,0 days 02:02:40.574000,,0 days 00:00:45.614000,0 days 00:00:48.045000,0 days 00:00:30.005000,0 days 02:03:07.594000,0 days 02:03:55.639000,0 days 02:04:25.644000,314.0,199.0,217.0,309.0,False,MEDIUM,1.0,True,Red Bull Racing,0 days 02:02:21.927000,2022-08-28 14:03:22.007,1,1.0,False,,False,False,123.664
0 days 02:06:14.945000,VER,1,32.0,3.0,,,0 days 00:00:31.680000,0 days 00:00:47.810000,0 days 00:00:29.864000,0 days 02:04:57.324000,0 days 02:05:45.134000,0 days 02:06:14.998000,317.0,197.0,215.0,310.0,True,MEDIUM,2.0,True,Red Bull Racing,0 days 02:04:25.591000,2022-08-28 14:05:25.671,1,1.0,False,,False,True,109.354
0 days 02:08:06.089000,VER,1,33.0,3.0,,,0 days 00:00:31.870000,0 days 00:00:49.122000,0 days 00:00:30.152000,0 days 02:06:46.868000,0 days 02:07:35.990000,0 days 02:08:06.142000,315.0,192.0,214.0,313.0,False,MEDIUM,3.0,True,Red Bull Racing,0 days 02:06:14.945000,2022-08-28 14:07:15.025,1,1.0,False,,False,True,111.144
0 days 02:09:57.123000,VER,1,34.0,3.0,,,0 days 00:00:31.831000,0 days 00:00:49.139000,0 days 00:00:30.064000,0 days 02:08:37.973000,0 days 02:09:27.112000,0 days 02:09:57.176000,319.0,194.0,214.0,312.0,False,MEDIUM,4.0,True,Red Bull Racing,0 days 02:08:06.089000,2022-08-28 14:09:06.169,1,1.0,False,,False,True,111.034
0 days 02:11:48.592000,VER,1,35.0,3.0,,,0 days 00:00:32.051000,0 days 00:00:49.129000,0 days 00:00:30.289000,0 days 02:10:29.227000,0 days 02:11:18.356000,0 days 02:11:48.645000,321.0,192.0,215.0,303.0,False,MEDIUM,5.0,True,Red Bull Racing,0 days 02:09:57.123000,2022-08-28 14:10:57.203,1,1.0,False,,False,True,111.469
0 days 02:13:40.143000,VER,1,36.0,3.0,,,0 days 00:00:32.022000,0 days 00:00:49.168000,0 days 00:00:30.361000,0 days 02:12:20.667000,0 days 02:13:09.835000,0 days 02:13:40.196000,321.0,188.0,212.0,304.0,False,MEDIUM,6.0,True,Red Bull Racing,0 days 02:11:48.592000,2022-08-28 14:12:48.672,1,1.0,False,,False,True,111.551
0 days 02:15:31.730000,VER,1,37.0,3.0,,,0 days 00:00:32.092000,0 days 00:00:49.044000,0 days 00:00:30.451000,0 days 02:14:12.288000,0 days 02:15:01.332000,0 days 02:15:31.783000,320.0,190.0,211.0,304.0,False,MEDIUM,7.0,True,Red Bull Racing,0 days 02:13:40.143000,2022-08-28 14:14:40.223,1,1.0,False,,False,True,111.587
0 days 02:17:23.243000,VER,1,38.0,3.0,,,0 days 00:00:32.082000,0 days 00:00:49.215000,0 days 00:00:30.216000,0 days 02:16:03.865000,0 days 02:16:53.080000,0 days 02:17:23.296000,321.0,190.0,212.0,305.0,False,MEDIUM,8.0,True,Red Bull Racing,0 days 02:15:31.730000,2022-08-28 14:16:31.810,1,1.0,False,,False,True,111.513
0 days 02:19:15.503000,VER,1,39.0,3.0,,,0 days 00:00:32.102000,0 days 00:00:49.548000,0 days 00:00:30.610000,0 days 02:17:55.398000,0 days 02:18:44.946000,0 days 02:19:15.556000,317.0,190.0,213.0,302.0,False,MEDIUM,9.0,True,Red Bull Racing,0 days 02:17:23.243000,2022-08-28 14:18:23.323,1,1.0,False,,False,True,112.26
0 days 02:21:07.392000,VER,1,40.0,3.0,,,0 days 00:00:31.976000,0 days 00:00:49.360000,0 days 00:00:30.553000,0 days 02:19:47.532000,0 days 02:20:36.892000,0 days 02:21:07.445000,315.0,189.0,213.0,306.0,False,MEDIUM,10.0,True,Red Bull Racing,0 days 02:19:15.503000,2022-08-28 14:20:15.583,1,1.0,False,,False,True,111.889
0 days 02:22:59.557000,VER,1,41.0,3.0,,,0 days 00:00:32.050000,0 days 00:00:49.487000,0 days 00:00:30.628000,0 days 02:21:39.495000,0 days 02:22:28.982000,0 days 02:22:59.610000,315.0,188.0,212.0,304.0,False,MEDIUM,11.0,True,Red Bull Racing,0 days 02:21:07.392000,2022-08-28 14:22:07.472,1,1.0,False,,False,True,112.165
0 days 02:24:51.714000,VER,1,42.0,3.0,,,0 days 00:00:32.149000,0 days 00:00:49.406000,0 days 00:00:30.602000,0 days 02:23:31.759000,0 days 02:24:21.165000,0 days 02:24:51.767000,319.0,188.0,213.0,303.0,False,MEDIUM,12.0,True,Red Bull Racing,0 days 02:22:59.557000,2022-08-28 14:23:59.637,1,1.0,False,,False,True,112.157
0 days 02:26:44.445000,VER,1,43.0,3.0,,,0 days 00:00:32.179000,0 days 00:00:49.988000,0 days 00:00:30.564000,0 days 02:25:23.946000,0 days 02:26:13.934000,0 days 02:26:44.498000,315.0,190.0,213.0,303.0,False,MEDIUM,13.0,True,Red Bull Racing,0 days 02:24:51.714000,2022-08-28 14:25:51.794,1,1.0,False,,False,True,112.731
0 days 02:28:37.594000,VER,1,44.0,3.0,,,0 days 00:00:32.047000,0 days 00:00:49.868000,0 days 00:00:31.234000,0 days 02:27:16.545000,0 days 02:28:06.413000,0 days 02:28:37.647000,321.0,189.0,187.0,304.0,False,MEDIUM,14.0,True,Red Bull Racing,0 days 02:26:44.445000,2022-08-28 14:27:44.525,1,1.0,False,,False,True,113.149
0 days 01:04:40.823000,PER,11,1.0,1.0,,,,0 days 00:00:50.283000,0 days 00:00:30.473000,,0 days 01:04:10.427000,0 days 01:04:40.841000,330.0,190.0,208.0,299.0,False,MEDIUM,1.0,True,Red Bull Racing,0 days 01:02:44.500000,2022-08-28 13:03:44.580,12,2.0,False,,False,False,116.093
0 days 01:06:53.277000,PER,11,2.0,1.0,,,0 days 00:00:32.267000,0 days 00:00:58.958000,0 days 00:00:41.229000,0 days 01:05:13.108000,0 days 01:06:12.066000,0 days 01:06:53.295000,315.0,106.0,191.0,308.0,True,MEDIUM,2.0,True,Red Bull Racing,0 days 01:04:40.823000,2022-08-28 13:05:40.903,124,2.0,False,,False,False,132.454
0 days 01:09:59.846000,PER,11,3.0,1.0,,,0 days 00:00:49.998000,0 days 00:01:23.931000,0 days 00:00:52.600000,0 days 01:07:43.333000,0 days 01:09:07.270000,0 days 01:09:59.929000,199.0,115.0,193.0,156.0,False,MEDIUM,3.0,True,Red Bull Racing,0 days 01:06:53.277000,2022-08-28 13:07:53.357,4,2.0,False,,False,False,
0 days 01:13:05.713000,PER,11,4.0,1.0,,,0 days 00:00:50.978000,0 days 00:01:21.123000,0 days 00:00:53.791000,0 days 01:10:50.875000,0 days 01:12:12.050000,0 days 01:13:05.852000,133.0,78.0,213.0,140.0,False,MEDIUM,4.0,True,Red Bull Racing,0 days 01:09:59.846000,2022-08-28 13:10:59.926,41,2.0,False,,False,False,
0 days 01:14:58.585000,PER,11,5.0,1.0,,,0 days 00:00:32.498000,0 days 00:00:49.890000,0 days 00:00:30.484000,0 days 01:13:38.229000,0 days 01:14:28.119000,0 days 01:14:58.603000,318.0,191.0,210.0,306.0,True,MEDIUM,5.0,True,Red Bull Racing,0 days 01:13:05.713000,2022-08-28 13:14:05.793,1,2.0,False,,False,True,112.872
0 days 01:16:51.293000,PER,11,6.0,1.0,,,0 days 00:00:32.190000,0 days 00:00:49.993000,0 days 00:00:30.525000,0 days 01:15:30.793000,0 days 01:16:20.786000,0 days 01:16:51.311000,316.0,188.0,211.0,309.0,True,MEDIUM,6.0,True,Red Bull Racing,0 days 01:14:58.585000,2022-08-28 13:15:58.665,1,2.0,False,,False,True,112.708
0 days 01:18:44.301000,PER,11,7.0,1.0,,,0 days 00:00:32.224000,0 days 00:00:50.194000,0 days 00:00:30.590000,0 days 01:17:23.535000,0 days 01:18:13.729000,0 days 01:18:44.319000,317.0,187.0,210.0,309.0,False,MEDIUM,7.0,True,Red Bull Racing,0 days 01:16:51.293000,2022-08-28 13:17:51.373,1,2.0,False,,False,True,113.008
0 days 01:20:37.836000,PER,11,8.0,1.0,,,0 days 00:00:32.396000,0 days 00:00:50.427000,0 days 00:00:30.712000,0 days 01:19:16.715000,0 days 01:20:07.142000,0 days 01:20:37.854000,316.0,185.0,209.0,308.0,False,MEDIUM,8.0,True,Red Bull Racing,0 days 01:18:44.301000,2022-08-28 13:19:44.381,1,2.0,False,,False,True,113.535
0 days 01:22:32.639000,PER,11,9.0,1.0,,,0 days 00:00:32.439000,0 days 00:00:51.165000,0 days 00:00:31.199000,0 days 01:21:10.293000,0 days 01:22:01.458000,0 days 01:22:32.657000,318.0,185.0,208.0,309.0,False,MEDIUM,9.0,True,Red Bull Racing,0 days 01:20:37.836000,2022-08-28 13:21:37.916,1,2.0,False,,False,True,114.803
0 days 01:24:27.210000,PER,11,10.0,1.0,,,0 days 00:00:32.312000,0 days 00:00:51.329000,0 days 00:00:30.930000,0 days 01:23:04.969000,0 days 01:23:56.298000,0 days 01:24:27.228000,320.0,180.0,208.0,310.0,False,MEDIUM,10.0,True,Red Bull Racing,0 days 01:22:32.639000,2022-08-28 13:23:32.719,1,2.0,False,,False,True,114.571
0 days 01:26:22.053000,PER,11,11.0,1.0,,,0 days 00:00:32.417000,0 days 00:00:51.492000,0 days 00:00:30.934000,0 days 01:24:59.645000,0 days 01:25:51.137000,0 days 01:26:22.071000,319.0,182.0,210.0,311.0,False,MEDIUM,11.0,True,Red Bull Racing,0 days 01:24:27.210000,2022-08-28 13:25:27.290,1,1.0,False,,False,True,114.843
0 days 01:28:17.216000,PER,11,12.0,1.0,,,0 days 00:00:32.573000,0 days 00:00:51.687000,0 days 00:00:30.903000,0 days 01:26:54.644000,0 days 01:27:46.331000,0 days 01:28:17.234000,316.0,183.0,208.0,308.0,False,MEDIUM,12.0,True,Red Bull Racing,0 days 01:26:22.053000,2022-08-28 13:27:22.133,1,2.0,False,,False,True,115.163
0 days 01:30:12.493000,PER,11,13.0,1.0,,,0 days 00:00:32.564000,0 days 00:00:51.612000,0 days 00:00:31.101000,0 days 01:28:49.798000,0 days 01:29:41.410000,0 days 01:30:12.511000,316.0,181.0,209.0,311.0,False,MEDIUM,13.0,True,Red Bull Racing,0 days 01:28:17.216000,2022-08-28 13:29:17.296,1,2.0,False,,False,True,115.277
0 days 01:32:11.563000,PER,11,14.0,1.0,,0 days 01:32:07.821000,0 days 00:00:32.515000,0 days 00:00:51.134000,0 days 00:00:35.421000,0 days 01:30:45.026000,0 days 01:31:36.160000,0 days 01:32:11.581000,318.0,179.0,,310.0,False,MEDIUM,14.0,True,Red Bull Racing,0 days 01:30:12.493000,2022-08-28 13:31:12.573,1,2.0,False,,False,False,119.07
0 days 01:34:16.534000,PER,11,15.0,2.0,0 days 01:32:30.173000,,0 days 00:00:45.918000,0 days 00:00:48.788000,0 days 00:00:30.265000,0 days 01:32:57.499000,0 days 01:33:46.287000,0 days 01:34:16.552000,318.0,192.0,214.0,308.0,False,MEDIUM,1.0,True,Red Bull Racing,0 days 01:32:11.563000,2022-08-28 13:33:11.643,1,3.0,False,,False,False,124.971
0 days 01:36:08.090000,PER,11,16.0,2.0,,,0 days 00:00:31.925000,0 days 00:00:49.356000,0 days 00:00:30.275000,0 days 01:34:48.477000,0 days 01:35:37.833000,0 days 01:36:08.108000,321.0,191.0,213.0,311.0,True,MEDIUM,2.0,True,Red Bull Racing,0 days 01:34:16.534000,2022-08-28 13:35:16.614,1,3.0,False,,False,True,111.556
0 days 01:37:59.779000,PER,11,17.0,2.0,,,0 days 00:00:32.085000,0 days 00:00:49.345000,0 days 00:00:30.259000,0 days 01:36:40.193000,0 days 01:37:29.538000,0 days 01:37:59.797000,319.0,189.0,212.0,311.0,False,MEDIUM,3.0,True,Red Bull Racing,0 days 01:36:08.090000,2022-08-28 13:37:08.170,1,3.0,False,,False,True,111.689
0 days 01:39:52.028000,PER,11,18.0,2.0,,,0 days 00:00:32.215000,0 days 00:00:49.696000,0 days 00:00:30.338000,0 days 01:38:32.012000,0 days 01:39:21.708000,0 days 01:39:52.046000,321.0,187.0,210.0,310.0,False,MEDIUM,4.0,True,Red Bull Racing,0 days 01:37:59.779000,2022-08-28 13:38:59.859,1,3.0,False,,False,True,112.249
0 days 01:41:44.585000,PER,11,19.0,2.0,,,0 days 00:00:32.187000,0 days 00:00:49.920000,0 days 00:00:30.450000,0 days 01:40:24.233000,0 days 01:41:14.153000,0 days 01:41:44.603000,318.0,188.0,211.0,310.0,False,MEDIUM,5.0,True,Red Bull Racing,0 days 01:39:52.028000,2022-08-28 13:40:52.108,1,3.0,False,,False,True,112.557
0 days 01:43:38.250000,PER,11,20.0,2.0,,,0 days 00:00:32.046000,0 days 00:00:50.831000,0 days 00:00:30.788000,0 days 01:42:16.649000,0 days 01:43:07.480000,0 days 01:43:38.268000,322.0,179.0,209.0,312.0,False,MEDIUM,6.0,True,Red Bull Racing,0 days 01:41:44.585000,2022-08-28 13:42:44.665,1,3.0,False,,False,True,113.665
0 days 01:45:31.055000,PER,11,21.0,2.0,,,0 days 00:00:31.954000,0 days 00:00:50.252000,0 days 00:00:30.599000,0 days 01:44:10.222000,0 days 01:45:00.474000,0 days 01:45:31.073000,337.0,185.0,210.0,311.0,False,MEDIUM,7.0,True,Red Bull Racing,0 days 01:43:38.250000,2022-08-28 13:44:38.330,1,2.0,False,,False,True,112.805
0 days 01:47:24.178000,PER,11,22.0,2.0,,,0 days 00:00:32.330000,0 days 00:00:50.121000,0 days 00:00:30.672000,0 days 01:46:03.403000,0 days 01:46:53.524000,0 days 01:47:24.196000,315.0,185.0,210.0,309.0,False,MEDIUM,8.0,True,Red Bull Racing,0 days 01:45:31.055000,2022-08-28 13:46:31.135,1,2.0,False,,False,True,113.123
0 days 01:49:17.561000,PER,11,23.0,2.0,,,0 days 00:00:32.463000,0 days 00:00:50.249000,0 days 00:00:30.671000,0 days 01:47:56.659000,0 days 01:48:46.908000,0 days 01:49:17.579000,314.0,184.0,209.0,309.0,False,MEDIUM,9.0,True,Red Bull Racing,0 days 01:47:24.178000,2022-08-28 13:48:24.258,1,2.0,False,,False,True,113.383
0 days 01:51:11.035000,PER,11,24.0,2.0,,,0 days 00:00:32.338000,0 days 00:00:50.431000,0 days 00:00:30.705000,0 days 01:49:49.917000,0 days 01:50:40.348000,0 days 01:51:11.053000,320.0,182.0,210.0,310.0,False,MEDIUM,10.0,True,Red Bull Racing,0 days 01:49:17.561000,2022-08-28 13:50:17.641,1,2.0,False,,False,True,113.474
0 days 01:53:04.386000,PER,11,25.0,2.0,,,0 days 00:00:32.415000,0 days 00:00:50.121000,0 days 00:00:30.815000,0 days 01:51:43.468000,0 days 01:52:33.589000,0 days 01:53:04.404000,319.0,181.0,209.0,312.0,False,MEDIUM,11.0,True,Red Bull Racing,0 days 01:51:11.035000,2022-08-28 13:52:11.115,1,2.0,False,,False,True,113.351
0 days 01:54:58.116000,PER,11,26.0,2.0,,,0 days 00:00:32.322000,0 days 00:00:50.598000,0 days 00:00:30.810000,0 days 01:53:36.726000,0 days 01:54:27.324000,0 days 01:54:58.134000,323.0,182.0,209.0,309.0,False,MEDIUM,12.0,True,Red Bull Racing,0 days 01:53:04.386000,2022-08-28 13:54:04.466,1,2.0,False,,False,True,113.73
0 days 01:56:56.388000,PER,11,27.0,2.0,,0 days 01:56:52.646000,0 days 00:00:32.485000,0 days 00:00:50.515000,0 days 00:00:35.272000,0 days 01:55:30.619000,0 days 01:56:21.134000,0 days 01:56:56.406000,320.0,186.0,,309.0,False,MEDIUM,13.0,True,Red Bull Racing,0 days 01:54:58.116000,2022-08-28 13:55:58.196,1,2.0,False,,False,False,118.272
0 days 01:59:01.442000,PER,11,28.0,3.0,0 days 01:57:15.322000,,0 days 00:00:46.271000,0 days 00:00:48.661000,0 days 00:00:30.122000,0 days 01:57:42.677000,0 days 01:58:31.338000,0 days 01:59:01.460000,319.0,194.0,214.0,304.0,False,HARD,1.0,True,Red Bull Racing,0 days 01:56:56.388000,2022-08-28 13:57:56.468,1,3.0,False,,False,False,125.054
0 days 02:00:52.206000,PER,11,29.0,3.0,,,0 days 00:00:31.853000,0 days 00:00:48.804000,0 days 00:00:30.107000,0 days 01:59:33.313000,0 days 02:00:22.117000,0 days 02:00:52.224000,320.0,192.0,213.0,311.0,True,HARD,2.0,True,Red Bull Racing,0 days 01:59:01.442000,2022-08-28 14:00:01.522,1,2.0,False,,False,True,110.764
0 days 02:02:43.431000,PER,11,30.0,3.0,,,0 days 00:00:31.997000,0 days 00:00:49.055000,0 days 00:00:30.173000,0 days 02:01:24.221000,0 days 02:02:13.276000,0 days 02:02:43.449000,319.0,190.0,213.0,312.0,False,HARD,3.0,True,Red Bull Racing,0 days 02:00:52.206000,2022-08-28 14:01:52.286,1,2.0,False,,False,True,111.225
0 days 02:04:34.716000,PER,11,31.0,3.0,,,0 days 00:00:32.024000,0 days 00:00:49.073000,0 days 00:00:30.188000,0 days 02:03:15.473000,0 days 02:04:04.546000,0 days 02:04:34.734000,320.0,191.0,214.0,311.0,False,HARD,4.0,True,Red Bull Racing,0 days 02:02:43.431000,2022-08-28 14:03:43.511,1,2.0,False,,False,True,111.285
0 days 02:06:26.376000,PER,11,32.0,3.0,,,0 days 00:00:32.018000,0 days 00:00:49.290000,0 days 00:00:30.352000,0 days 02:05:06.752000,0 days 02:05:56.042000,0 days 02:06:26.394000,320.0,187.0,212.0,312.0,False,HARD,5.0,True,Red Bull Racing,0 days 02:04:34.716000,2022-08-28 14:05:34.796,1,2.0,False,,False,True,111.66
0 days 02:08:18.261000,PER,11,33.0,3.0,,,0 days 00:00:31.978000,0 days 00:00:49.471000,0 days 00:00:30.436000,0 days 02:06:58.372000,0 days 02:07:47.843000,0 days 02:08:18.279000,321.0,187.0,214.0,314.0,False,HARD,6.0,True,Red Bull Racing,0 days 02:06:26.376000,2022-08-28 14:07:26.456,1,2.0,False,,False,True,111.885
0 days 02:10:10.408000,PER,11,34.0,3.0,,,0 days 00:00:31.962000,0 days 00:00:49.765000,0 days 00:00:30.420000,0 days 02:08:50.241000,0 days 02:09:40.006000,0 days 02:10:10.426000,322.0,187.0,213.0,313.0,False,HARD,7.0,True,Red Bull Racing,0 days 02:08:18.261000,2022-08-28 14:09:18.341,1,2.0,False,,False,True,112.147
0 days 02:12:02.361000,PER,11,35.0,3.0,,,0 days 00:00:31.958000,0 days 00:00:49.419000,0 days 00:00:30.576000,0 days 02:10:42.384000,0 days 02:11:31.803000,0 days 02:12:02.379000,322.0,185.0,210.0,313.0,False,HARD,8.0,True,Red Bull Racing,0 days 02:10:10.408000,2022-08-28 14:11:10.488,1,2.0,False,,False,True,111.953
0 days 02:13:54.892000,PER,11,36.0,3.0,,,0 days 00:00:32.197000,0 days 00:00:49.788000,0 days 00:00:30.546000,0 days 02:12:34.576000,0 days 02:13:24.364000,0 days 02:13:54.910000,322.0,185.0,211.0,306.0,False,HARD,9.0,True,Red Bull Racing,0 days 02:12:02.361000,2022-08-28 14:13:02.441,1,2.0,False,,False,True,112.531
0 days 02:15:47.242000,PER,11,37.0,3.0,,,0 days 00:00:32.192000,0 days 00:00:49.694000,0 days 00:00:30.464000,0 days 02:14:27.102000,0 days 02:15:16.796000,0 days 02:15:47.260000,322.0,186.0,212.0,304.0,False,HARD,10.0,True,Red Bull Racing,0 days 02:13:54.892000,2022-08-28 14:14:54.972,1,2.0,False,,False,True,112.35
0 days 02:17:39.654000,PER,11,38.0,3.0,,,0 days 00:00:32.142000,0 days 00:00:49.796000,0 days 00:00:30.474000,0 days 02:16:19.402000,0 days 02:17:09.198000,0 days 02:17:39.672000,321.0,186.0,212.0,306.0,False,HARD,11.0,True,Red Bull Racing,0 days 02:15:47.242000,2022-08-28 14:16:47.322,1,2.0,False,,False,True,112.412
0 days 02:19:32.203000,PER,11,39.0,3.0,,,0 days 00:00:32.277000,0 days 00:00:49.739000,0 days 00:00:30.533000,0 days 02:18:11.949000,0 days 02:19:01.688000,0 days 02:19:32.221000,321.0,188.0,213.0,306.0,False,HARD,12.0,True,Red Bull Racing,0 days 02:17:39.654000,2022-08-28 14:18:39.734,1,2.0,False,,False,True,112.549
0 days 02:21:24.474000,PER,11,40.0,3.0,,,0 days 00:00:32.101000,0 days 00:00:49.625000,0 days 00:00:30.545000,0 days 02:20:04.322000,0 days 02:20:53.947000,0 days 02:21:24.492000,322.0,185.0,213.0,309.0,False,HARD,13.0,True,Red Bull Racing,0 days 02:19:32.203000,2022-08-28 14:20:32.283,1,2.0,False,,False,True,112.271
0 days 02:23:16.926000,PER,11,41.0,3.0,,,0 days 00:00:32.046000,0 days 00:00:49.693000,0 days 00:00:30.713000,0 days 02:21:56.538000,0 days 02:22:46.231000,0 days 02:23:16.944000,324.0,179.0,211.0,312.0,False,HARD,14.0,True,Red Bull Racing,0 days 02:21:24.474000,2022-08-28 14:22:24.554,1,2.0,False,,False,True,112.452
0 days 02:25:09.966000,PER,11,42.0,3.0,,,0 days 00:00:32.182000,0 days 00:00:50.068000,0 days 00:00:30.790000,0 days 02:23:49.126000,0 days 02:24:39.194000,0 days 02:25:09.984000,323.0,174.0,211.0,306.0,False,HARD,15.0,True,Red Bull Racing,0 days 02:23:16.926000,2022-08-28 14:24:17.006,1,2.0,False,,False,True,113.04
0 days 02:27:02.637000,PER,11,43.0,3.0,,,0 days 00:00:32.175000,0 days 00:00:49.866000,0 days 00:00:30.630000,0 days 02:25:42.159000,0 days 02:26:32.025000,0 days 02:27:02.655000,323.0,184.0,213.0,304.0,False,HARD,16.0,True,Red Bull Racing,0 days 02:25:09.966000,2022-08-28 14:26:10.046,1,2.0,False,,False,True,112.671
0 days 02:28:55.480000,PER,11,44.0,3.0,,,0 days 00:00:32.219000,0 days 00:00:50.080000,0 days 00:00:30.544000,0 days 02:27:34.874000,0 days 02:28:24.954000,0 days 02:28:55.498000,324.0,185.0,212.0,308.0,False,HARD,17.0,True,Red Bull Racing,0 days 02:27:02.637000,2022-08-28 14:28:02.717,12,2.0,False,,False,True,112.843
0 days 01:04:38.673000,SAI,55,1.0,1.0,,,,0 days 00:00:49.271000,0 days 00:00:30.505000,,0 days 01:04:08.255000,0 days 01:04:38.801000,310.0,194.0,211.0,301.0,False,SOFT,3.0,False,Ferrari,0 days 01:02:44.500000,2022-08-28 13:03:44.580,12,1.0,False,,False,False,113.943
0 days 01:06:49.741000,SAI,55,2.0,1.0,,,0 days 00:00:32.609000,0 days 00:00:57.685000,0 days 00:00:40.774000,0 days 01:05:11.334000,0 days 01:06:09.019000,0 days 01:06:49.793000,303.0,78.0,185.0,305.0,True,SOFT,4.0,False,Ferrari,0 days 01:04:38.673000,2022-08-28 13:05:38.753,124,1.0,False,,False,False,131.068
0 days 01:09:57.580000,SAI,55,3.0,1.0,,,0 days 00:00:51.387000,0 days 00:01:24.274000,0 days 00:00:52.146000,0 days 01:07:41.212000,0 days 01:09:05.506000,0 days 01:09:57.683000,140.0,143.0,185.0,156.0,False,SOFT,5.0,False,Ferrari,0 days 01:06:49.741000,2022-08-28 13:07:49.821,4,1.0,False,,False,False,
0 days 01:13:05.069000,SAI,55,4.0,1.0,,,0 days 00:00:52.024000,0 days 00:01:20.589000,0 days 00:00:54.939000,0 days 01:10:49.689000,0 days 01:12:10.275000,0 days 01:13:05.239000,118.0,77.0,219.0,147.0,False,SOFT,6.0,False,Ferrari,0 days 01:09:57.580000,2022-08-28 13:10:57.660,41,1.0,False,,False,False,
0 days 01:14:57.267000,SAI,55,5.0,1.0,,,0 days 00:00:32.475000,0 days 00:00:49.225000,0 days 00:00:30.498000,0 days 01:13:37.596000,0 days 01:14:26.821000,0 days 01:14:57.319000,298.0,195.0,212.0,302.0,True,SOFT,7.0,False,Ferrari,0 days 01:13:05.069000,2022-08-28 13:14:05.149,1,1.0,False,,False,True,112.198
0 days 01:16:49.589000,SAI,55,6.0,1.0,,,0 days 00:00:32.407000,0 days 00:00:49.378000,0 days 00:00:30.537000,0 days 01:15:29.726000,0 days 01:16:19.104000,0 days 01:16:49.641000,303.0,190.0,212.0,305.0,False,SOFT,8.0,False,Ferrari,0 days 01:14:57.267000,2022-08-28 13:15:57.347,1,1.0,False,,False,True,112.322
0 days 01:18:42.348000,SAI,55,7.0,1.0,,,0 days 00:00:32.428000,0 days 00:00:49.707000,0 days 00:00:30.624000,0 days 01:17:22.069000,0 days 01:18:11.776000,0 days 01:18:42.400000,309.0,188.0,208.0,305.0,False,SOFT,9.0,False,Ferrari,0 days 01:16:49.589000,2022-08-28 13:17:49.669,1,1.0,False,,False,True,112.759
0 days 01:20:36.428000,SAI,55,8.0,1.0,,,0 days 00:00:32.671000,0 days 00:00:50.631000,0 days 00:00:30.778000,0 days 01:19:15.071000,0 days 01:20:05.702000,0 days 01:20:36.480000,306.0,186.0,208.0,305.0,False,SOFT,10.0,False,Ferrari,0 days 01:18:42.348000,2022-08-28 13:19:42.428,1,1.0,False,,False,True,114.08
0 days 01:22:31.053000,SAI,55,9.0,1.0,,,0 days 00:00:32.702000,0 days 00:00:50.988000,0 days 00:00:30.935000,0 days 01:21:09.182000,0 days 01:22:00.170000,0 days 01:22:31.105000,307.0,185.0,209.0,306.0,False,SOFT,11.0,False,Ferrari,0 days 01:20:36.428000,2022-08-28 13:21:36.508,1,1.0,False,,False,True,114.625
0 days 01:24:25.678000,SAI,55,10.0,1.0,,,0 days 00:00:32.658000,0 days 00:00:50.999000,0 days 00:00:30.968000,0 days 01:23:03.763000,0 days 01:23:54.762000,0 days 01:24:25.730000,306.0,183.0,208.0,306.0,False,SOFT,12.0,False,Ferrari,0 days 01:22:31.053000,2022-08-28 13:23:31.133,1,1.0,False,,False,True,114.625
0 days 01:26:24.732000,SAI,55,11.0,1.0,,0 days 01:26:21.052000,0 days 00:00:32.854000,0 days 00:00:51.102000,0 days 00:00:35.098000,0 days 01:24:58.584000,0 days 01:25:49.686000,0 days 01:26:24.784000,306.0,184.0,,307.0,False,SOFT,13.0,False,Ferrari,0 days 01:24:25.678000,2022-08-28 13:25:25.758,1,3.0,False,,False,False,119.054
0 days 01:28:30.737000,SAI,55,12.0,2.0,0 days 01:26:43.603000,,0 days 00:00:45.268000,0 days 00:00:50.350000,0 days 00:00:30.387000,0 days 01:27:10.052000,0 days 01:28:00.402000,0 days 01:28:30.789000,336.0,193.0,213.0,310.0,False,MEDIUM,1.0,True,Ferrari,0 days 01:26:24.732000,2022-08-28 13:27:24.812,1,5.0,False,,False,False,126.005
0 days 01:30:23.844000,SAI,55,13.0,2.0,,,0 days 00:00:32.325000,0 days 00:00:50.279000,0 days 00:00:30.503000,0 days 01:29:03.114000,0 days 01:29:53.393000,0 days 01:30:23.896000,304.0,189.0,212.0,309.0,False,MEDIUM,2.0,True,Ferrari,0 days 01:28:30.737000,2022-08-28 13:29:30.817,1,4.0,False,,False,True,113.107
0 days 01:32:17.115000,SAI,55,14.0,2.0,,,0 days 00:00:32.460000,0 days 00:00:50.137000,0 days 00:00:30.674000,0 days 01:30:56.356000,0 days 01:31:46.493000,0 days 01:32:17.167000,302.0,190.0,211.0,307.0,False,MEDIUM,3.0,True,Ferrari,0 days 01:30:23.844000,2022-08-28 13:31:23.924,1,3.0,False,,False,True,113.271
0 days 01:34:09.840000,SAI,55,15.0,2.0,,,0 days 00:00:32.385000,0 days 00:00:49.861000,0 days 00:00:30.479000,0 days 01:32:49.552000,0 days 01:33:39.413000,0 days 01:34:09.892000,311.0,187.0,210.0,308.0,False,MEDIUM,4.0,True,Ferrari,0 days 01:32:17.115000,2022-08-28 13:33:17.195,1,2.0,False,,False,True,112.725
0 days 01:36:03.082000,SAI,55,16.0,2.0,,,0 days 00:00:32.495000,0 days 00:00:50.028000,0 days 00:00:30.719000,0 days 01:34:42.387000,0 days 01:35:32.415000,0 days 01:36:03.134000,306.0,187.0,210.0,307.0,False,MEDIUM,5.0,True,Ferrari,0 days 01:34:09.840000,2022-08-28 13:35:09.920,1,1.0,False,,False,True,113.242
0 days 01:37:56.205000,SAI,55,17.0,2.0,,,0 days 00:00:32.556000,0 days 00:00:49.892000,0 days 00:00:30.675000,0 days 01:36:35.690000,0 days 01:37:25.582000,0 days 01:37:56.257000,307.0,187.0,209.0,308.0,False,MEDIUM,6.0,True,Ferrari,0 days 01:36:03.082000,2022-08-28 13:37:03.162,1,1.0,False,,False,True,113.123
0 days 01:39:50.007000,SAI,55,18.0,2.0,,,0 days 00:00:32.449000,0 days 00:00:50.827000,0 days 00:00:30.526000,0 days 01:38:28.706000,0 days 01:39:19.533000,0 days 01:39:50.059000,309.0,187.0,209.0,307.0,False,MEDIUM,7.0,True,Ferrari,0 days 01:37:56.205000,2022-08-28 13:38:56.285,1,2.0,False,,False,True,113.802
0 days 01:41:43.601000,SAI,55,19.0,2.0,,,0 days 00:00:32.528000,0 days 00:00:50.302000,0 days 00:00:30.764000,0 days 01:40:22.587000,0 days 01:41:12.889000,0 days 01:41:43.653000,308.0,186.0,209.0,308.0,False,MEDIUM,8.0,True,Ferrari,0 days 01:39:50.007000,2022-08-28 13:40:50.087,1,2.0,False,,False,True,113.594
0 days 01:43:37.616000,SAI,55,20.0,2.0,,,0 days 00:00:32.521000,0 days 00:00:50.572000,0 days 00:00:30.922000,0 days 01:42:16.174000,0 days 01:43:06.746000,0 days 01:43:37.668000,306.0,183.0,209.0,309.0,False,MEDIUM,9.0,True,Ferrari,0 days 01:41:43.601000,2022-08-28 13:42:43.681,1,2.0,False,,False,True,114.015
0 days 01:45:32.557000,SAI,55,21.0,2.0,,,0 days 00:00:32.569000,0 days 00:00:51.564000,0 days 00:00:30.808000,0 days 01:44:10.237000,0 days 01:45:01.801000,0 days 01:45:32.609000,308.0,183.0,209.0,306.0,False,MEDIUM,10.0,True,Ferrari,0 days 01:43:37.616000,2022-08-28 13:44:37.696,1,3.0,False,,False,True,114.941
0 days 01:47:27.104000,SAI,55,22.0,2.0,,,0 days 00:00:32.600000,0 days 00:00:50.983000,0 days 00:00:30.964000,0 days 01:46:05.209000,0 days 01:46:56.192000,0 days 01:47:27.156000,309.0,184.0,209.0,308.0,False,MEDIUM,11.0,True,Ferrari,0 days 01:45:32.557000,2022-08-28 13:46:32.637,1,3.0,False,,False,True,114.547
0 days 01:49:21.272000,SAI,55,23.0,2.0,,,0 days 00:00:32.568000,0 days 00:00:50.743000,0 days 00:00:30.857000,0 days 01:47:59.724000,0 days 01:48:50.467000,0 days 01:49:21.324000,308.0,181.0,210.0,308.0,False,MEDIUM,12.0,True,Ferrari,0 days 01:47:27.104000,2022-08-28 13:48:27.184,1,3.0,False,,False,True,114.168
0 days 01:51:15.531000,SAI,55,24.0,2.0,,,0 days 00:00:32.441000,0 days 00:00:50.904000,0 days 00:00:30.914000,0 days 01:49:53.765000,0 days 01:50:44.669000,0 days 01:51:15.583000,308.0,184.0,209.0,309.0,False,MEDIUM,13.0,True,Ferrari,0 days 01:49:21.272000,2022-08-28 13:50:21.352,1,3.0,False,,False,True,114.259
0 days 01:53:13.900000,SAI,55,25.0,2.0,,0 days 01:53:10.184000,0 days 00:00:32.499000,0 days 00:00:50.798000,0 days 00:00:35.072000,0 days 01:51:48.082000,0 days 01:52:38.880000,0 days 01:53:13.952000,311.0,182.0,,310.0,False,MEDIUM,14.0,True,Ferrari,0 days 01:51:15.531000,2022-08-28 13:52:15.611,1,4.0,False,,False,False,118.369
0 days 01:55:20.789000,SAI,55,26.0,3.0,0 days 01:53:32.964000,,0 days 00:00:46.368000,0 days 00:00:49.993000,0 days 00:00:30.528000,0 days 01:54:00.320000,0 days 01:54:50.313000,0 days 01:55:20.841000,303.0,194.0,214.0,305.0,False,HARD,1.0,True,Ferrari,0 days 01:53:13.900000,2022-08-28 13:54:13.980,1,4.0,False,,False,False,126.889
0 days 01:57:13.187000,SAI,55,27.0,3.0,,,0 days 00:00:32.230000,0 days 00:00:49.600000,0 days 00:00:30.568000,0 days 01:55:53.071000,0 days 01:56:42.671000,0 days 01:57:13.239000,307.0,192.0,212.0,307.0,False,HARD,2.0,True,Ferrari,0 days 01:55:20.789000,2022-08-28 13:56:20.869,1,4.0,False,,False,True,112.398
0 days 01:59:05.422000,SAI,55,28.0,3.0,,,0 days 00:00:32.129000,0 days 00:00:49.626000,0 days 00:00:30.480000,0 days 01:57:45.368000,0 days 01:58:34.994000,0 days 01:59:05.474000,315.0,190.0,210.0,310.0,False,HARD,3.0,True,Ferrari,0 days 01:57:13.187000,2022-08-28 13:58:13.267,1,4.0,False,,False,True,112.235
0 days 02:00:58.300000,SAI,55,29.0,3.0,,,0 days 00:00:32.296000,0 days 00:00:49.991000,0 days 00:00:30.591000,0 days 01:59:37.770000,0 days 02:00:27.761000,0 days 02:00:58.352000,310.0,190.0,210.0,310.0,False,HARD,4.0,True,Ferrari,0 days 01:59:05.422000,2022-08-28 14:00:05.502,1,4.0,False,,False,True,112.878
0 days 02:02:50.723000,SAI,55,30.0,3.0,,,0 days 00:00:32.221000,0 days 00:00:49.699000,0 days 00:00:30.503000,0 days 02:01:30.573000,0 days 02:02:20.272000,0 days 02:02:50.775000,310.0,185.0,211.0,311.0,False,HARD,5.0,True,Ferrari,0 days 02:00:58.300000,2022-08-28 14:01:58.380,1,3.0,False,,False,True,112.423
0 days 02:04:42.881000,SAI,55,31.0,3.0,,,0 days 00:00:32.404000,0 days 00:00:49.348000,0 days 00:00:30.406000,0 days 02:03:23.179000,0 days 02:04:12.527000,0 days 02:04:42.933000,307.0,190.0,211.0,309.0,True,HARD,6.0,True,Ferrari,0 days 02:02:50.723000,2022-08-28 14:03:50.803,1,3.0,False,,False,True,112.158
0 days 02:06:34.858000,SAI,55,32.0,3.0,,,0 days 00:00:32.195000,0 days 00:00:49.384000,0 days 00:00:30.398000,0 days 02:05:15.128000,0 days 02:06:04.512000,0 days 02:06:34.910000,309.0,189.0,212.0,311.0,True,HARD,7.0,True,Ferrari,0 days 02:04:42.881000,2022-08-28 14:05:42.961,1,3.0,False,,False,True,111.977
0 days 02:08:27.115000,SAI,55,33.0,3.0,,,0 days 00:00:32.275000,0 days 00:00:49.498000,0 days 00:00:30.484000,0 days 02:07:07.185000,0 days 02:07:56.683000,0 days 02:08:27.167000,310.0,188.0,210.0,312.0,False,HARD,8.0,True,Ferrari,0 days 02:06:34.858000,2022-08-28 14:07:34.938,1,3.0,False,,False,True,112.257
0 days 02:10:19.328000,SAI,55,34.0,3.0,,,0 days 00:00:32.199000,0 days 00:00:49.554000,0 days 00:00:30.460000,0 days 02:08:59.366000,0 days 02:09:48.920000,0 days 02:10:19.380000,312.0,188.0,211.0,311.0,False,HARD,9.0,True,Ferrari,0 days 02:08:27.115000,2022-08-28 14:09:27.195,1,3.0,False,,False,True,112.213
0 days 02:12:11.796000,SAI,55,35.0,3.0,,,0 days 00:00:32.275000,0 days 00:00:49.681000,0 days 00:00:30.512000,0 days 02:10:51.655000,0 days 02:11:41.336000,0 days 02:12:11.848000,308.0,188.0,209.0,310.0,False,HARD,10.0,True,Ferrari,0 days 02:10:19.328000,2022-08-28 14:11:19.408,1,3.0,False,,False,True,112.468
0 days 02:14:04.441000,SAI,55,36.0,3.0,,,0 days 00:00:32.321000,0 days 00:00:49.868000,0 days 00:00:30.456000,0 days 02:12:44.169000,0 days 02:13:34.037000,0 days 02:14:04.493000,309.0,189.0,211.0,310.0,False,HARD,11.0,True,Ferrari,0 days 02:12:11.796000,2022-08-28 14:13:11.876,1,3.0,False,,False,True,112.645
0 days 02:15:56.779000,SAI,55,37.0,3.0,,,0 days 00:00:32.245000,0 days 00:00:49.707000,0 days 00:00:30.386000,0 days 02:14:36.738000,0 days 02:15:26.445000,0 days 02:15:56.831000,310.0,190.0,210.0,310.0,False,HARD,12.0,True,Ferrari,0 days 02:14:04.441000,2022-08-28 14:15:04.521,1,3.0,False,,False,True,112.338
0 days 02:17:49.157000,SAI,55,38.0,3.0,,,0 days 00:00:32.250000,0 days 00:00:49.677000,0 days 00:00:30.451000,0 days 02:16:29.081000,0 days 02:17:18.758000,0 days 02:17:49.209000,310.0,189.0,210.0,312.0,False,HARD,13.0,True,Ferrari,0 days 02:15:56.779000,2022-08-28 14:16:56.859,1,3.0,False,,False,True,112.378
0 days 02:19:41.611000,SAI,55,39.0,3.0,,,0 days 00:00:32.362000,0 days 00:00:49.597000,0 days 00:00:30.495000,0 days 02:18:21.571000,0 days 02:19:11.168000,0 days 02:19:41.663000,308.0,188.0,211.0,312.0,False,HARD,14.0,True,Ferrari,0 days 02:17:49.157000,2022-08-28 14:18:49.237,1,3.0,False,,False,True,112.454
0 days 02:21:34.058000,SAI,55,40.0,3.0,,,0 days 00:00:32.256000,0 days 00:00:49.710000,0 days 00:00:30.481000,0 days 02:20:13.919000,0 days 02:21:03.629000,0 days 02:21:34.110000,311.0,187.0,212.0,312.0,False,HARD,15.0,True,Ferrari,0 days 02:19:41.611000,2022-08-28 14:20:41.691,1,3.0,False,,False,True,112.447
0 days 02:23:26.663000,SAI,55,41.0,3.0,,,0 days 00:00:32.280000,0 days 00:00:49.719000,0 days 00:00:30.606000,0 days 02:22:06.390000,0 days 02:22:56.109000,0 days 02:23:26.715000,311.0,184.0,208.0,310.0,False,HARD,16.0,True,Ferrari,0 days 02:21:34.058000,2022-08-28 14:22:34.138,1,3.0,False,,False,True,112.605
0 days 02:25:19.373000,SAI,55,42.0,3.0,,,0 days 00:00:32.459000,0 days 00:00:49.714000,0 days 00:00:30.537000,0 days 02:23:59.174000,0 days 02:24:48.888000,0 days 02:25:19.425000,311.0,186.0,211.0,309.0,False,HARD,17.0,True,Ferrari,0 days 02:23:26.663000,2022-08-28 14:24:26.743,1,3.0,False,,False,True,112.71
0 days 02:27:11.874000,SAI,55,43.0,3.0,,,0 days 00:00:32.280000,0 days 00:00:49.618000,0 days 00:00:30.603000,0 days 02:25:51.705000,0 days 02:26:41.323000,0 days 02:27:11.926000,316.0,189.0,211.0,309.0,False,HARD,18.0,True,Ferrari,0 days 02:25:19.373000,2022-08-28 14:26:19.453,1,3.0,False,,False,True,112.501
0 days 02:29:04.479000,SAI,55,44.0,3.0,,,0 days 00:00:32.273000,0 days 00:00:49.863000,0 days 00:00:30.469000,0 days 02:27:44.199000,0 days 02:28:34.062000,0 days 02:29:04.531000,316.0,187.0,212.0,309.0,False,HARD,19.0,True,Ferrari,0 days 02:27:11.874000,2022-08-28 14:28:11.954,12,3.0,False,,False,True,112.605
0 days 01:04:42.016000,RUS,63,1.0,1.0,,,,0 days 00:00:51.475000,0 days 00:00:30.534000,,0 days 01:04:11.561000,0 days 01:04:42.016000,317.0,191.0,211.0,304.0,False,MEDIUM,1.0,True,Mercedes,0 days 01:02:44.500000,2022-08-28 13:03:44.580,12,3.0,False,,False,False,117.286
0 days 01:06:56.807000,RUS,63,2.0,1.0,,,0 days 00:00:32.539000,0 days 00:00:58.508000,0 days 00:00:43.744000,0 days 01:05:14.555000,0 days 01:06:13.063000,0 days 01:06:56.807000,303.0,87.0,183.0,305.0,True,MEDIUM,2.0,True,Mercedes,0 days 01:04:42.016000,2022-08-28 13:05:42.096,124,3.0,False,,False,False,134.791
0 days 01:10:01.674000,RUS,63,3.0,1.0,,,0 days 00:00:48.006000,0 days 00:01:23.825000,0 days 00:00:52.975000,0 days 01:07:44.874000,0 days 01:09:08.700000,0 days 01:10:01.740000,220.0,161.0,196.0,213.0,False,MEDIUM,3.0,True,Mercedes,0 days 01:06:56.807000,2022-08-28 13:07:56.887,4,3.0,False,,False,False,
0 days 01:13:05.878000,RUS,63,4.0,1.0,,,0 days 00:00:50.084000,0 days 00:01:20.882000,0 days 00:00:53.279000,0 days 01:10:51.804000,0 days 01:12:12.663000,0 days 01:13:05.989000,150.0,75.0,217.0,155.0,False,MEDIUM,4.0,True,Mercedes,0 days 01:10:01.674000,2022-08-28 13:11:01.754,41,3.0,False,,False,False,
0 days 01:14:59.732000,RUS,63,5.0,1.0,,,0 days 00:00:32.647000,0 days 00:00:50.659000,0 days 00:00:30.548000,0 days 01:13:38.525000,0 days 01:14:29.184000,0 days 01:14:59.732000,311.0,191.0,210.0,306.0,True,MEDIUM,5.0,True,Mercedes,0 days 01:13:05.878000,2022-08-28 13:14:05.958,1,3.0,False,,False,True,113.854
0 days 01:16:53.318000,RUS,63,6.0,1.0,,,0 days 00:00:32.587000,0 days 00:00:50.367000,0 days 00:00:30.632000,0 days 01:15:32.319000,0 days 01:16:22.686000,0 days 01:16:53.318000,302.0,190.0,211.0,304.0,True,MEDIUM,6.0,True,Mercedes,0 days 01:14:59.732000,2022-08-28 13:15:59.812,1,3.0,False,,False,True,113.586
0 days 01:18:46.765000,RUS,63,7.0,1.0,,,0 days 00:00:32.512000,0 days 00:00:50.186000,0 days 00:00:30.749000,0 days 01:17:25.830000,0 days 01:18:16.016000,0 days 01:18:46.765000,307.0,189.0,208.0,304.0,True,MEDIUM,7.0,True,Mercedes,0 days 01:16:53.318000,2022-08-28 13:17:53.398,1,3.0,False,,False,True,113.447
0 days 01:20:41.619000,RUS,63,8.0,1.0,,,0 days 00:00:32.603000,0 days 00:00:51.375000,0 days 00:00:30.876000,0 days 01:19:19.368000,0 days 01:20:10.743000,0 days 01:20:41.619000,314.0,187.0,209.0,303.0,False,MEDIUM,8.0,True,Mercedes,0 days 01:18:46.765000,2022-08-28 13:19:46.845,1,4.0,False,,False,True,114.854
0 days 01:22:36.325000,RUS,63,9.0,1.0,,,0 days 00:00:32.692000,0 days 00:00:51.070000,0 days 00:00:30.944000,0 days 01:21:14.311000,0 days 01:22:05.381000,0 days 01:22:36.325000,305.0,186.0,208.0,306.0,False,MEDIUM,9.0,True,Mercedes,0 days 01:20:41.619000,2022-08-28 13:21:41.699,1,4.0,False,,False,True,114.706
0 days 01:24:31.300000,RUS,63,10.0,1.0,,,0 days 00:00:32.707000,0 days 00:00:51.187000,0 days 00:00:31.081000,0 days 01:23:09.032000,0 days 01:24:00.219000,0 days 01:24:31.300000,301.0,183.0,209.0,305.0,False,MEDIUM,10.0,True,Mercedes,0 days 01:22:36.325000,2022-08-28 13:23:36.405,1,4.0,False,,False,True,114.975
0 days 01:26:25.977000,RUS,63,11.0,1.0,,,0 days 00:00:32.798000,0 days 00:00:50.831000,0 days 00:00:31.048000,0 days 01:25:04.098000,0 days 01:25:54.929000,0 days 01:26:25.977000,305.0,185.0,209.0,305.0,False,MEDIUM,11.0,True,Mercedes,0 days 01:24:31.300000,2022-08-28 13:25:31.380,1,4.0,False,,False,True,114.677
0 days 01:28:20.812000,RUS,63,12.0,1.0,,,0 days 00:00:32.753000,0 days 00:00:50.982000,0 days 00:00:31.100000,0 days 01:26:58.730000,0 days 01:27:49.712000,0 days 01:28:20.812000,306.0,185.0,208.0,305.0,False,MEDIUM,12.0,True,Mercedes,0 days 01:26:25.977000,2022-08-28 13:27:26.057,1,3.0,False,,False,True,114.835
0 days 01:30:19.876000,RUS,63,13.0,1.0,,0 days 01:30:16.013000,0 days 00:00:32.660000,0 days 00:00:50.979000,0 days 00:00:35.425000,0 days 01:28:53.472000,0 days 01:29:44.451000,0 days 01:30:19.876000,308.0,184.0,,306.0,False,MEDIUM,13.0,True,Mercedes,0 days 01:28:20.812000,2022-08-28 13:29:20.892,1,3.0,False,,False,False,119.064
0 days 01:32:27.019000,RUS,63,14.0,2.0,0 days 01:30:38.823000,,0 days 00:00:46.085000,0 days 00:00:50.024000,0 days 00:00:31.034000,0 days 01:31:05.961000,0 days 01:31:55.985000,0 days 01:32:27.019000,317.0,183.0,206.0,304.0,False,MEDIUM,1.0,True,Mercedes,0 days 01:30:19.876000,2022-08-28 13:31:19.956,1,6.0,False,,False,False,127.143
0 days 01:34:20.223000,RUS,63,15.0,2.0,,,0 days 00:00:32.388000,0 days 00:00:50.199000,0 days 00:00:30.617000,0 days 01:32:59.407000,0 days 01:33:49.606000,0 days 01:34:20.223000,306.0,190.0,211.0,307.0,True,MEDIUM,2.0,True,Mercedes,0 days 01:32:27.019000,2022-08-28 13:33:27.099,1,5.0,False,,False,True,113.204
0 days 01:36:13.202000,RUS,63,16.0,2.0,,,0 days 00:00:32.435000,0 days 00:00:49.968000,0 days 00:00:30.576000,0 days 01:34:52.658000,0 days 01:35:42.626000,0 days 01:36:13.202000,322.0,190.0,211.0,312.0,True,MEDIUM,3.0,True,Mercedes,0 days 01:34:20.223000,2022-08-28 13:35:20.303,1,4.0,False,,False,True,112.979
0 days 01:38:06.272000,RUS,63,17.0,2.0,,,0 days 00:00:32.490000,0 days 00:00:49.957000,0 days 00:00:30.623000,0 days 01:36:45.692000,0 days 01:37:35.649000,0 days 01:38:06.272000,305.0,191.0,212.0,305.0,False,MEDIUM,4.0,True,Mercedes,0 days 01:36:13.202000,2022-08-28 13:37:13.282,1,4.0,False,,False,True,113.07
0 days 01:39:59.443000,RUS,63,18.0,2.0,,,0 days 00:00:32.483000,0 days 00:00:50.084000,0 days 00:00:30.604000,0 days 01:38:38.755000,0 days 01:39:28.839000,0 days 01:39:59.443000,305.0,192.0,211.0,304.0,False,MEDIUM,5.0,True,Mercedes,0 days 01:38:06.272000,2022-08-28 13:39:06.352,1,4.0,False,,False,True,113.171
0 days 01:41:52.973000,RUS,63,19.0,2.0,,,0 days 00:00:32.501000,0 days 00:00:50.117000,0 days 00:00:30.912000,0 days 01:40:31.944000,0 days 01:41:22.061000,0 days 01:41:52.973000,303.0,190.0,211.0,303.0,False,MEDIUM,6.0,True,Mercedes,0 days 01:39:59.443000,2022-08-28 13:40:59.523,1,4.0,False,,False,True,113.53
0 days 01:43:46.560000,RUS,63,20.0,2.0,,,0 days 00:00:32.666000,0 days 00:00:50.037000,0 days 00:00:30.884000,0 days 01:42:25.639000,0 days 01:43:15.676000,0 days 01:43:46.560000,302.0,186.0,209.0,303.0,False,MEDIUM,7.0,True,Mercedes,0 days 01:41:52.973000,2022-08-28 13:42:53.053,1,4.0,False,,False,True,113.587
0 days 01:45:39.862000,RUS,63,21.0,2.0,,,0 days 00:00:32.617000,0 days 00:00:50.114000,0 days 00:00:30.571000,0 days 01:44:19.177000,0 days 01:45:09.291000,0 days 01:45:39.862000,305.0,189.0,211.0,303.0,False,MEDIUM,8.0,True,Mercedes,0 days 01:43:46.560000,2022-08-28 13:44:46.640,1,4.0,False,,False,True,113.302
0 days 01:47:33.234000,RUS,63,22.0,2.0,,,0 days 00:00:32.631000,0 days 00:00:49.951000,0 days 00:00:30.790000,0 days 01:46:12.493000,0 days 01:47:02.444000,0 days 01:47:33.234000,303.0,188.0,210.0,303.0,False,MEDIUM,9.0,True,Mercedes,0 days 01:45:39.862000,2022-08-28 13:46:39.942,1,4.0,False,,False,True,113.372
0 days 01:49:26.806000,RUS,63,23.0,2.0,,,0 days 00:00:32.674000,0 days 00:00:50.097000,0 days 00:00:30.801000,0 days 01:48:05.908000,0 days 01:48:56.005000,0 days 01:49:26.806000,301.0,189.0,210.0,304.0,False,MEDIUM,10.0,True,Mercedes,0 days 01:47:33.234000,2022-08-28 13:48:33.314,1,4.0,False,,False,True,113.572
0 days 01:51:20.181000,RUS,63,24.0,2.0,,,0 days 00:00:32.552000,0 days 00:00:50.120000,0 days 00:00:30.703000,0 days 01:49:59.358000,0 days 01:50:49.478000,0 days 01:51:20.181000,307.0,185.0,210.0,306.0,False,MEDIUM,11.0,True,Mercedes,0 days 01:49:26.806000,2022-08-28 13:50:26.886,1,4.0,False,,False,True,113.375
0 days 01:53:13.733000,RUS,63,25.0,2.0,,,0 days 00:00:32.575000,0 days 00:00:50.119000,0 days 00:00:30.858000,0 days 01:51:52.756000,0 days 01:52:42.875000,0 days 01:53:13.733000,307.0,186.0,210.0,306.0,False,MEDIUM,12.0,True,Mercedes,0 days 01:51:20.181000,2022-08-28 13:52:20.261,1,3.0,False,,False,True,113.552
0 days 01:55:07.620000,RUS,63,26.0,2.0,,,0 days 00:00:32.624000,0 days 00:00:50.307000,0 days 00:00:30.956000,0 days 01:53:46.357000,0 days 01:54:36.664000,0 days 01:55:07.620000,307.0,187.0,210.0,305.0,False,MEDIUM,13.0,True,Mercedes,0 days 01:53:13.733000,2022-08-28 13:54:13.813,1,3.0,False,,False,True,113.887
0 days 01:57:01.484000,RUS,63,27.0,2.0,,,0 days 00:00:32.705000,0 days 00:00:50.143000,0 days 00:00:31.016000,0 days 01:55:40.325000,0 days 01:56:30.468000,0 days 01:57:01.484000,306.0,187.0,209.0,304.0,False,MEDIUM,14.0,True,Mercedes,0 days 01:55:07.620000,2022-08-28 13:56:07.700,1,3.0,False,,False,True,113.864
0 days 01:58:54.943000,RUS,63,28.0,2.0,,,0 days 00:00:32.744000,0 days 00:00:49.852000,0 days 00:00:30.863000,0 days 01:57:34.228000,0 days 01:58:24.080000,0 days 01:58:54.943000,309.0,188.0,210.0,304.0,False,MEDIUM,15.0,True,Mercedes,0 days 01:57:01.484000,2022-08-28 13:58:01.564,1,2.0,False,,False,True,113.459
0 days 02:00:52.742000,RUS,63,29.0,2.0,,0 days 02:00:48.858000,0 days 00:00:32.681000,0 days 00:00:50.007000,0 days 00:00:35.111000,0 days 01:59:27.624000,0 days 02:00:17.631000,0 days 02:00:52.742000,305.0,186.0,,305.0,False,MEDIUM,16.0,True,Mercedes,0 days 01:58:54.943000,2022-08-28 13:59:55.023,1,3.0,False,,False,False,117.799
0 days 02:02:58.189000,RUS,63,30.0,3.0,0 days 02:01:11.863000,,0 days 00:00:46.691000,0 days 00:00:48.520000,0 days 00:00:30.236000,0 days 02:01:39.433000,0 days 02:02:27.953000,0 days 02:02:58.189000,312.0,196.0,215.0,303.0,False,HARD,1.0,True,Mercedes,0 days 02:00:52.742000,2022-08-28 14:01:52.822,1,4.0,False,,False,False,125.447
0 days 02:04:48.982000,RUS,63,31.0,3.0,,,0 days 00:00:32.211000,0 days 00:00:48.304000,0 days 00:00:30.278000,0 days 02:03:30.400000,0 days 02:04:18.704000,0 days 02:04:48.982000,301.0,196.0,213.0,304.0,True,HARD,2.0,True,Mercedes,0 days 02:02:58.189000,2022-08-28 14:03:58.269,1,4.0,False,,False,True,110.793
0 days 02:06:40.080000,RUS,63,32.0,3.0,,,0 days 00:00:32.194000,0 days 00:00:48.583000,0 days 00:00:30.321000,0 days 02:05:21.176000,0 days 02:06:09.759000,0 days 02:06:40.080000,307.0,193.0,214.0,306.0,False,HARD,3.0,True,Mercedes,0 days 02:04:48.982000,2022-08-28 14:05:49.062,1,4.0,False,,False,True,111.098
0 days 02:08:31.199000,RUS,63,33.0,3.0,,,0 days 00:00:32.282000,0 days 00:00:48.526000,0 days 00:00:30.311000,0 days 02:07:12.362000,0 days 02:08:00.888000,0 days 02:08:31.199000,307.0,190.0,214.0,308.0,False,HARD,4.0,True,Mercedes,0 days 02:06:40.080000,2022-08-28 14:07:40.160,1,4.0,False,,False,True,111.119
0 days 02:10:23.266000,RUS,63,34.0,3.0,,,0 days 00:00:32.241000,0 days 00:00:49.428000,0 days 00:00:30.398000,0 days 02:09:03.440000,0 days 02:09:52.868000,0 days 02:10:23.266000,307.0,190.0,214.0,308.0,False,HARD,5.0,True,Mercedes,0 days 02:08:31.199000,2022-08-28 14:09:31.279,1,4.0,False,,False,True,112.067
0 days 02:12:15.010000,RUS,63,35.0,3.0,,,0 days 00:00:32.215000,0 days 00:00:49.194000,0 days 00:00:30.335000,0 days 02:10:55.481000,0 days 02:11:44.675000,0 days 02:12:15.010000,308.0,189.0,213.0,308.0,False,HARD,6.0,True,Mercedes,0 days 02:10:23.266000,2022-08-28 14:11:23.346,1,4.0,False,,False,True,111.744
0 days 02:14:06.637000,RUS,63,36.0,3.0,,,0 days 00:00:32.250000,0 days 00:00:49.106000,0 days 00:00:30.271000,0 days 02:12:47.260000,0 days 02:13:36.366000,0 days 02:14:06.637000,308.0,191.0,213.0,308.0,False,HARD,7.0,True,Mercedes,0 days 02:12:15.010000,2022-08-28 14:13:15.090,1,4.0,False,,False,True,111.627
0 days 02:15:58.842000,RUS,63,37.0,3.0,,,0 days 00:00:32.273000,0 days 00:00:49.481000,0 days 00:00:30.451000,0 days 02:14:38.910000,0 days 02:15:28.391000,0 days 02:15:58.842000,310.0,191.0,213.0,308.0,False,HARD,8.0,True,Mercedes,0 days 02:14:06.637000,2022-08-28 14:15:06.717,1,4.0,False,,False,True,112.205
0 days 02:17:51.017000,RUS,63,38.0,3.0,,,0 days 00:00:32.404000,0 days 00:00:49.331000,0 days 00:00:30.440000,0 days 02:16:31.246000,0 days 02:17:20.577000,0 days 02:17:51.017000,307.0,188.0,213.0,310.0,False,HARD,9.0,True,Mercedes,0 days 02:15:58.842000,2022-08-28 14:16:58.922,1,4.0,False,,False,True,112.175
0 days 02:19:44.214000,RUS,63,39.0,3.0,,,0 days 00:00:32.250000,0 days 00:00:50.105000,0 days 00:00:30.842000,0 days 02:18:23.267000,0 days 02:19:13.372000,0 days 02:19:44.214000,308.0,175.0,214.0,311.0,False,HARD,10.0,True,Mercedes,0 days 02:17:51.017000,2022-08-28 14:18:51.097,1,4.0,False,,False,True,113.197
0 days 02:21:36.373000,RUS,63,40.0,3.0,,,0 days 00:00:32.240000,0 days 00:00:49.460000,0 days 00:00:30.459000,0 days 02:20:16.454000,0 days 02:21:05.914000,0 days 02:21:36.373000,310.0,190.0,212.0,309.0,False,HARD,11.0,True,Mercedes,0 days 02:19:44.214000,2022-08-28 14:20:44.294,1,4.0,False,,False,True,112.159
0 days 02:23:28.764000,RUS,63,41.0,3.0,,,0 days 00:00:32.318000,0 days 00:00:49.485000,0 days 00:00:30.588000,0 days 02:22:08.691000,0 days 02:22:58.176000,0 days 02:23:28.764000,310.0,187.0,213.0,308.0,False,HARD,12.0,True,Mercedes,0 days 02:21:36.373000,2022-08-28 14:22:36.453,1,4.0,False,,False,True,112.391
0 days 02:25:21.554000,RUS,63,42.0,3.0,,,0 days 00:00:32.475000,0 days 00:00:49.681000,0 days 00:00:30.634000,0 days 02:24:01.239000,0 days 02:24:50.920000,0 days 02:25:21.554000,312.0,186.0,212.0,307.0,False,HARD,13.0,True,Mercedes,0 days 02:23:28.764000,2022-08-28 14:24:28.844,1,4.0,False,,False,True,112.79
0 days 02:27:14.147000,RUS,63,43.0,3.0,,,0 days 00:00:32.441000,0 days 00:00:49.479000,0 days 00:00:30.673000,0 days 02:25:53.995000,0 days 02:26:43.474000,0 days 02:27:14.147000,310.0,184.0,212.0,307.0,False,HARD,14.0,True,Mercedes,0 days 02:25:21.554000,2022-08-28 14:26:21.634,1,4.0,False,,False,True,112.593
0 days 02:29:06.784000,RUS,63,44.0,3.0,,,0 days 00:00:32.408000,0 days 00:00:49.697000,0 days 00:00:30.532000,0 days 02:27:46.555000,0 days 02:28:36.252000,0 days 02:29:06.784000,317.0,188.0,214.0,308.0,False,HARD,15.0,True,Mercedes,0 days 02:27:14.147000,2022-08-28 14:28:14.227,12,4.0,False,,False,True,112.637
